dataset,model,seed,best_m_val,val_acc_at_best_m,m_sweep_val,test_acc,test_f1_macro,test_f1_weighted,test_precision,test_recall,test_balanced_acc
imdb,de_full,0,0.9,0.858,"[{'m': 0.1, 'val_acc': 0.8572}, {'m': 0.3, 'val_acc': 0.8564}, {'m': 0.5, 'val_acc': 0.852}, {'m': 0.7, 'val_acc': 0.8528}, {'m': 0.9, 'val_acc': 0.858}]",0.85028,0.8501261452558757,0.850136133329152,0.8308097928436912,0.8804885837458087,0.8502170351789811
imdb,de_full,1,0.1,0.86,"[{'m': 0.1, 'val_acc': 0.86}, {'m': 0.3, 'val_acc': 0.8568}, {'m': 0.5, 'val_acc': 0.8564}, {'m': 0.7, 'val_acc': 0.856}, {'m': 0.9, 'val_acc': 0.8448}]",0.85116,0.851143274458318,0.8511399924652334,0.8605946432959293,0.8388152642503592,0.8511857305699447
imdb,de_full,2,0.1,0.866,"[{'m': 0.1, 'val_acc': 0.866}, {'m': 0.3, 'val_acc': 0.864}, {'m': 0.5, 'val_acc': 0.8508}, {'m': 0.7, 'val_acc': 0.8596}, {'m': 0.9, 'val_acc': 0.8528}]",0.84856,0.8481607175923525,0.8481445220500766,0.890457469621158,0.7956250997924318,0.8486703340873334
imdb,de_full,3,0.5,0.8516,"[{'m': 0.1, 'val_acc': 0.8476}, {'m': 0.3, 'val_acc': 0.8436}, {'m': 0.5, 'val_acc': 0.8516}, {'m': 0.7, 'val_acc': 0.8508}, {'m': 0.9, 'val_acc': 0.8436}]",0.85484,0.8548398046724411,0.8548401549149605,0.8557946092937695,0.8542232157113204,0.854841285585338
imdb,de_full,4,0.5,0.8588,"[{'m': 0.1, 'val_acc': 0.8428}, {'m': 0.3, 'val_acc': 0.8524}, {'m': 0.5, 'val_acc': 0.8588}, {'m': 0.7, 'val_acc': 0.8524}, {'m': 0.9, 'val_acc': 0.8532}]",0.84924,0.8490279219129183,0.8490161523712659,0.8795180722891566,0.8100750439086699,0.8493216329051125
imdb,de_full,5,0.5,0.8592,"[{'m': 0.1, 'val_acc': 0.8536}, {'m': 0.3, 'val_acc': 0.85}, {'m': 0.5, 'val_acc': 0.8592}, {'m': 0.7, 'val_acc': 0.8444}, {'m': 0.9, 'val_acc': 0.8496}]",0.85692,0.856909019541578,0.8569116267737147,0.8525171354289766,0.8638831231039438,0.8569054865158969
imdb,de_full,6,0.3,0.856,"[{'m': 0.1, 'val_acc': 0.85}, {'m': 0.3, 'val_acc': 0.856}, {'m': 0.5, 'val_acc': 0.8552}, {'m': 0.7, 'val_acc': 0.84}, {'m': 0.9, 'val_acc': 0.85}]",0.85356,0.8535599941423998,0.8535600550614423,0.8551967305072522,0.8519878652403001,0.853563276856161
imdb,de_full,7,0.3,0.8608,"[{'m': 0.1, 'val_acc': 0.8536}, {'m': 0.3, 'val_acc': 0.8608}, {'m': 0.5, 'val_acc': 0.854}, {'m': 0.7, 'val_acc': 0.858}, {'m': 0.9, 'val_acc': 0.8536}]",0.85216,0.8520107235720413,0.8520204998620337,0.832755501959602,0.8820852626536804,0.8520976257151679
imdb,de_full,8,0.5,0.8652,"[{'m': 0.1, 'val_acc': 0.8632}, {'m': 0.3, 'val_acc': 0.862}, {'m': 0.5, 'val_acc': 0.8652}, {'m': 0.7, 'val_acc': 0.8616}, {'m': 0.9, 'val_acc': 0.8644}]",0.85024,0.8502192856866841,0.8502156219305875,0.8605090311986864,0.8367395816701262,0.8502681394000784
imdb,de_full,9,0.1,0.864,"[{'m': 0.1, 'val_acc': 0.864}, {'m': 0.3, 'val_acc': 0.8624}, {'m': 0.5, 'val_acc': 0.8612}, {'m': 0.7, 'val_acc': 0.854}, {'m': 0.9, 'val_acc': 0.854}]",0.84976,0.8497328567049449,0.8497370574529891,0.8423106947697112,0.8614082707967428,0.8497357210966238
twitter,de_full,0,0.7,0.78115,"[{'m': 0.1, 'val_acc': 0.77965}, {'m': 0.3, 'val_acc': 0.77875}, {'m': 0.5, 'val_acc': 0.77995}, {'m': 0.7, 'val_acc': 0.78115}, {'m': 0.9, 'val_acc': 0.77575}]",0.77685,0.7758026120181238,0.7757995472398301,0.8208782296373537,0.7083583283343331,0.776863701074548
twitter,de_full,1,0.1,0.78465,"[{'m': 0.1, 'val_acc': 0.78465}, {'m': 0.3, 'val_acc': 0.78175}, {'m': 0.5, 'val_acc': 0.7819}, {'m': 0.7, 'val_acc': 0.7807}, {'m': 0.9, 'val_acc': 0.7827}]",0.7812,0.7811411357198632,0.7811404178627883,0.790899689762151,0.7646470705858828,0.7812033112481325
twitter,de_full,2,0.7,0.78435,"[{'m': 0.1, 'val_acc': 0.7828}, {'m': 0.3, 'val_acc': 0.7835}, {'m': 0.5, 'val_acc': 0.78405}, {'m': 0.7, 'val_acc': 0.78435}, {'m': 0.9, 'val_acc': 0.7821}]",0.78675,0.7867293079442801,0.7867288878010168,0.7926742169166412,0.7767446510697861,0.7867520014700801
twitter,de_full,3,0.1,0.7877,"[{'m': 0.1, 'val_acc': 0.7877}, {'m': 0.3, 'val_acc': 0.7877}, {'m': 0.5, 'val_acc': 0.78685}, {'m': 0.7, 'val_acc': 0.7834}, {'m': 0.9, 'val_acc': 0.78325}]",0.78785,0.7878314516950857,0.7878318484502711,0.7827196858124693,0.7970405918816237,0.7878481615139264
twitter,de_full,4,0.3,0.78555,"[{'m': 0.1, 'val_acc': 0.78015}, {'m': 0.3, 'val_acc': 0.78555}, {'m': 0.5, 'val_acc': 0.78425}, {'m': 0.7, 'val_acc': 0.78065}, {'m': 0.9, 'val_acc': 0.7807}]",0.7868,0.7866479034238718,0.7866490427240677,0.7724078997341436,0.8133373325334933,0.7867946914717876
twitter,de_full,5,0.9,0.7882,"[{'m': 0.1, 'val_acc': 0.7855}, {'m': 0.3, 'val_acc': 0.786}, {'m': 0.5, 'val_acc': 0.7854}, {'m': 0.7, 'val_acc': 0.78715}, {'m': 0.9, 'val_acc': 0.7882}]",0.7822,0.7821309703766541,0.7821301947629087,0.7927815805849409,0.764247150569886,0.7822035912881437
twitter,de_full,6,0.1,0.7867,"[{'m': 0.1, 'val_acc': 0.7867}, {'m': 0.3, 'val_acc': 0.7826}, {'m': 0.5, 'val_acc': 0.7838}, {'m': 0.7, 'val_acc': 0.7814}, {'m': 0.9, 'val_acc': 0.78305}]",0.7768,0.7767811067528756,0.7767806960301119,0.7821479519054412,0.7674465106978604,0.7768018710720748
twitter,de_full,7,0.1,0.78435,"[{'m': 0.1, 'val_acc': 0.78435}, {'m': 0.3, 'val_acc': 0.7806}, {'m': 0.5, 'val_acc': 0.78065}, {'m': 0.7, 'val_acc': 0.7833}, {'m': 0.9, 'val_acc': 0.7778}]",0.79285,0.7926526628739421,0.792651383540872,0.8122801407099456,0.7618476304739052,0.7928562017142481
twitter,de_full,8,0.3,0.7879,"[{'m': 0.1, 'val_acc': 0.785}, {'m': 0.3, 'val_acc': 0.7879}, {'m': 0.5, 'val_acc': 0.78715}, {'m': 0.7, 'val_acc': 0.7859}, {'m': 0.9, 'val_acc': 0.78425}]",0.7842,0.7841872044593524,0.7841875368110576,0.780043341213554,0.791741651669666,0.7841984913679396
twitter,de_full,9,0.1,0.78105,"[{'m': 0.1, 'val_acc': 0.78105}, {'m': 0.3, 'val_acc': 0.7801}, {'m': 0.5, 'val_acc': 0.77865}, {'m': 0.7, 'val_acc': 0.7805}, {'m': 0.9, 'val_acc': 0.7781}]",0.7821,0.7820535425331263,0.7820529061294705,0.7907479909334433,0.7673465306938613,0.782102951284118
